CREATE TABLE produttore
(
  nome character varying NOT NULL,
  CONSTRAINT produttore_pkey PRIMARY KEY (nome )
);

CREATE TABLE veicolo
(

  volumecarico numeric(10,2),
  posti numeric(3,0),
  lunghezza numeric(10,2),
  larghezza numeric(10,2),
  altezza numeric(10,2),
  peso numeric(10,2),
  porte numeric(2,0),
  nome character varying NOT NULL,
  prezzo numeric(10,2),
  potenza numeric(10,2),
  consumi numeric(10,2),
  accelerazione numeric(10,2),
  velocitamax numeric(10,2),
  raggiosterzata numeric(10,2),
  ricarica numeric(10,2),
  autonomia numeric(10,2),
  tipo character varying NOT NULL,
  sottotipo character varying,
  produttore character varying NOT NULL,
  website character varying,
  annoproduzione numeric(5,0),
  CONSTRAINT veicolo_pkey PRIMARY KEY (nome ),
  CONSTRAINT produttore foreign key (produttore)
      REFERENCES produttore (nome) MATCH SIMPLE
      ON UPDATE NO ACTION ON DELETE NO ACTION
);

CREATE TABLE colonnina
(
  id numeric,
  latitudine numeric(10,8) NOT NULL,
  longitudine numeric(10,8) NOT NULL,
  via character varying,
  civico character varying,
  comune character varying,
  provincia character varying,
  cap character varying,
  gestore character varying,
  costruttore character varying,
  CONSTRAINT colonnina_pkey PRIMARY KEY (id )
);

CREATE TABLE concessionario
(
  id numeric,
  nome character varying NOT NULL,
  latitudine numeric(10,8),
  longitudine numeric(10,8),
  via character varying NOT NULL,
  civico character varying NOT NULL,
  comune character varying NOT NULL,
  provincia character varying NOT NULL,
  cap character varying NOT NULL,
  fax character varying,
  web character varying,
  telefono character varying,
  CONSTRAINT concessionario_pkey PRIMARY KEY (id )
);

CREATE TABLE utente
(
  username character varying NOT NULL,
  email character varying NOT NULL,
  latitudine numeric(10,2),
  longitudine numeric(10,2),
  CONSTRAINT utente_pkey PRIMARY KEY (username )
);

CREATE TABLE possesso
(
  veicolo character varying NOT NULL,
  utente character varying NOT NULL,
  CONSTRAINT possesso_pkey PRIMARY KEY (veicolo , utente ),
  CONSTRAINT possesso_utente foreign key (utente)
      REFERENCES utente (username) MATCH SIMPLE
      ON UPDATE NO ACTION ON DELETE NO ACTION,
  CONSTRAINT possesso_veicolo foreign key (veicolo)
      REFERENCES veicolo (nome) MATCH SIMPLE
      ON UPDATE NO ACTION ON DELETE NO ACTION
);

CREATE TABLE recensione
(
  veicolo character varying NOT NULL,
  utente character varying NOT NULL,
  data character varying NOT NULL,
  likes numeric,
  dislikes numeric,
  voto numeric(2,0) NOT NULL,
  posseduto boolean DEFAULT false,
  testo character varying NOT NULL,
  CONSTRAINT recensione_pkey PRIMARY KEY (utente , veicolo , data ),
  CONSTRAINT recensione_utente foreign key (utente)
      REFERENCES utente (username) MATCH SIMPLE
      ON UPDATE NO ACTION ON DELETE NO ACTION,
  CONSTRAINT recensione_veicolo foreign key (veicolo)
      REFERENCES veicolo (nome) MATCH SIMPLE
      ON UPDATE NO ACTION ON DELETE NO ACTION
);

CREATE TABLE segnalazione
(
  colonnina numeric NOT NULL,
  utente character varying NOT NULL,
  data character varying NOT NULL,
  utile numeric,
  inutile numeric,
  tipo character varying NOT NULL,
  descrizione character varying NOT NULL,
  CONSTRAINT segnalazine_pkey PRIMARY KEY (utente , colonnina , data ),
  CONSTRAINT segnalazione_colonnina foreign key (colonnina)
      REFERENCES colonnina (id) MATCH SIMPLE
      ON UPDATE NO ACTION ON DELETE NO ACTION,
  CONSTRAINT segnalazione_utente foreign key (utente)
      REFERENCES utente (username) MATCH SIMPLE
      ON UPDATE NO ACTION ON DELETE NO ACTION
);

CREATE TABLE vendita
(
  veicolo character varying NOT NULL,
  concessionario numeric NOT NULL,
  CONSTRAINT vendita_pkey PRIMARY KEY (veicolo , concessionario ),
  CONSTRAINT vendita_concessionario foreign key (concessionario)
      REFERENCES concessionario (id) MATCH SIMPLE
      ON UPDATE NO ACTION ON DELETE NO ACTION,
  CONSTRAINT vendita_veicolo foreign key (veicolo)
      REFERENCES veicolo (nome) MATCH SIMPLE
      ON UPDATE NO ACTION ON DELETE NO ACTION
);

INSERT INTO produttore (nome)
VALUES
	('3xE - electric cars'),
	('Alkè'),
	('American Electric'),
	('Amp Electric Vehicles'),
	('Aptera Motors'),
	('Arcimoto'),
	('ATT R&D'),
	('Audi'),
	('Automobiles Chatenet'),
	('BAIC'),
	('Balqon'),
	('Beepo'),
	('Bluebird Automotive'),
	('BMW'),
	('BMW i'),
	('Boeing'),
	('Buddy Electric'),
	('BYD Auto'),
	('Chery Automobile Co'),
	('Citroen'),
	('Citysax'),
	('Coda Automotive'),
	('Commuter Cars'),
	('Compagnie Centrale des Transports Automobiles'),
	('Detroit Electric'),
	('DOK-ING'),
	('Duracar'),
	('Dynasty Electric Vehicle Ltd.'),
	('e-Wolf GmbH'),
	('ECOmove'),
	('Electric Vehicles International'),
	('Fam Auto'),
	('FINE Mobile GmbH - The TWIKE Manufacturer'),
	('Fisker Automotive'),
	('Ford'),
	('GEM'),
	('General Motors'),
	('GGT Electric'),
	('Ginetta'),
	('Green Vehicles'),
	('Greenlinecars'),
	('Heuliez'),
	('Hiriko'),
	('Honda'),
	('Hyundai'),
	('Kia'),
	('Lightning Car Company'),
	('Loremo'),
	('LUIS'),
	('Lumeneo'),
	('Luxgen'),
	('Maranello 4cycle'),
	('Mercedes-Benz'),
	('mia electric'),
	('Miles Electric Vehicles'),
	('Mitsubishi'),
	('Myers Motors'),
	('Nice Car Company'),
	('Nissan'),
	('Oka Auto'),
	('Opel'),
	('Optimal Energy'),
	('Peugeot'),
	('Phoenix Motorcars'),
	('Pininfarina'),
	('Protoscar'),
	('Pure Mobility'),
	('Renault'),
	('Reva'),
	('Rinspeed'),
	('Rolls Royce'),
	('S.A.M. Group AG'),
	('SABA'),
	('SAIC'),
	('SEAT'),
	('Sim'),
	('SIMPLYCITY'),
	('Smart'),
	('Smiles AG'),
	('Smith Electric'),
	('Star Electric Vehicles'),
	('Subaru'),
	('Tazzari'),
	('TE'),
	('Tesla Motors'),
	('THEKPV'),
	('Think'),
	('Tilter - SynergEthic'),
	('Toyota'),
	('Trabant'),
	('Volkswagen'),
	('Volvo'),
	('Wheego'),
	('Wrightspeed'),
	('Zap'),
	('ZEV Motors');

INSERT INTO veicolo (produttore, website, nome, tipo, sottotipo, annoproduzione, prezzo, velocitamax, accelerazione, autonomia, posti, porte, volumecarico, potenza, peso, lunghezza, larghezza, altezza, raggiosterzata, ricarica, consumi)
VALUES 
	('3xE - electric cars', 'http://www.3xe-electric-cars.com', '3xE - Volkswagen Caddy', 'Autoveicolo', 'van', 2011, 25000, 140, 23, 170, 5, 5, 2850, 60, 1700, 440, 179, 183, NULL, NULL, NULL), 
	('Alkè', 'http://www.alke.com', 'ATX100E', 'Autoveicolo', 'transporter', 2006, NULL, 30, NULL, 70, 2, NULL, NULL, 6, 760, 3020, 1270, 1830, 2.6, 8, NULL), 
	('Alkè', 'http://www.alke.com', 'ATX200E', 'Autoveicolo', 'transporter', 2006, NULL, 30, NULL, 70, NULL, NULL, NULL, 6, 820, 3530, 1270, 1830, 3.6, 8, NULL), 
	('Alkè', 'http://www.alke.com', 'ATX280E', 'Autoveicolo', 'transporter', 2006, NULL, 25, NULL, 90, NULL, NULL, NULL, 6, 1150, 3530, 1270, 1830, 3.6, 12, NULL), 
	('American Electric', 'http://www.getkurrent.com', 'Kurrent', 'Autoveicolo', 'micro', 2009, 5000, 56, NULL, 64, 2, 2, 212, 4.1, 490, 2336, 1270, NULL, NULL, 8, NULL), 
	('Amp Electric Vehicles', 'http://www.ampelectricvehicles.com', 'AMP ELECTRIC EQUINOX', 'Autoveicolo', 'offroader', 2010, 25000, 144, 8, 240, 5, 4, 1804, 120, NULL, 476.7, 184.1, 168.4, 12, 4, NULL), 
	('Amp Electric Vehicles', 'http://www.ampelectricvehicles.com', 'AMP ELECTRIC SKY', 'Autoveicolo', 'sport', 2009, 25000, 144, 8, 240, 2, 2, NULL, 120, NULL, NULL, NULL, NULL, NULL, 4, NULL), 
	('Amp Electric Vehicles', 'http://www.ampelectricvehicles.com', 'AMP ELECTRIC SOLSTICE', 'Autoveicolo', 'sport', 2009, 25000, 144, 8, 240, 2, 2, NULL, 120, NULL, NULL, NULL, NULL, NULL, 4, NULL), 
	('Amp Electric Vehicles', 'http://www.ampelectricvehicles.com', 'AMP Jeep Grand Cherokee', 'Autoveicolo', 'offroader', 2012, 50000, NULL, 10, 160, 5, NULL, NULL, 152, NULL, NULL, NULL, NULL, NULL, NULL, NULL), 
	('Amp Electric Vehicles', 'http://www.ampelectricvehicles.com', 'AMP MLE', 'Autoveicolo', 'sport', 2012, 50000, 145, 10, 160, NULL, NULL, NULL, 164, NULL, NULL, NULL, NULL, NULL, NULL, NULL), 
	('Aptera Motors', 'http://www.aptera.com/', 'Aptera 2e', 'Autoveicolo', 'micro', NULL, NULL, NULL, NULL, 160, NULL, NULL, NULL, NULL, NULL, NULL, NULL, NULL, NULL, NULL, NULL), 
	('Arcimoto', 'http://www.arcimoto.com/', 'SRK Red 5', 'Autoveicolo', 'micro', 2011, 10000, 105, 9.8, 128, 2, 1, NULL, NULL, 771, 3429, 1752, 1448, 10.05, NULL, NULL), 
	('ATT R&D', 'http://www.attrd.com', 'Invita 2-Seater', 'Autoveicolo', 'micro', 2003, 10000, 40, NULL, 56, 2, NULL, NULL, NULL, 540, 2340, 1430, 1730, NULL, NULL, NULL), 
	('ATT R&D', 'http://www.attrd.com', 'Invita 4-Seater', 'Autoveicolo', 'micro', 2003, 10000, 40, NULL, 52, 4, NULL, NULL, NULL, 598, 3140, 1430, 1750, NULL, NULL, NULL), 
	('ATT R&D', 'http://www.attrd.com', 'Invita People Carrier', 'Autoveicolo', 'recreational', 2003, 10000, 40, NULL, 85, 8, NULL, NULL, NULL, 920, 4210, 1430, 1710, NULL, NULL, NULL), 
	('ATT R&D', 'http://www.attrd.com', 'Invita Utility Truck', 'Autoveicolo', 'transporter', 2003, 10000, 40, NULL, 50, 2, NULL, NULL, NULL, 542, 3270, 1430, 1730, NULL, NULL, NULL), 
	('Audi', 'http://www.audiusa.com', 'A1 Sportback', 'Autoveicolo', 'concept', 2011, NULL, 192, 8.5, NULL, 4, 5, NULL, 20, NULL, NULL, NULL, NULL, NULL, NULL, NULL), 
	('Audi', 'http://www.audiusa.com', 'Audi A1 e-tron', 'Autoveicolo', 'concept', 2010, NULL, NULL, NULL, 50, 4, 2, NULL, 75, NULL, NULL, NULL, NULL, NULL, NULL, NULL), 
	('Audi', 'http://www.audiusa.com', 'Frankfurt Showcar Audi e-tron', 'Autoveicolo', 'concept', 2009, NULL, 200, 4.8, 248, 2, 3, NULL, 42.4, NULL, NULL, NULL, NULL, NULL, NULL, NULL), 
	('Audi', 'http://www.audiusa.com', 'The Detroit showcar Audi e-tron', 'Autoveicolo', 'concept', 2010, NULL, NULL, 5.9, NULL, 2, NULL, NULL, 150, 1350, 3930, 1780, 1220, NULL, NULL, NULL), 
	('Automobiles Chatenet', 'http://www.automobiles-chatenet.com', 'CH26', 'Autoveicolo', 'micro', 2012, NULL, 100, NULL, 140, NULL, NULL, NULL, 15, NULL, NULL, NULL, NULL, NULL, NULL, NULL), 
	('BAIC', 'http://www.baiec.com', 'BE701 EV', 'Autoveicolo', 'standard', 0, NULL, 160, 15, 200, 4, NULL, NULL, NULL, NULL, NULL, NULL, NULL, NULL, NULL, NULL), 
	('Balqon', 'http://www.balqon.com', 'Mule M100', 'Autoveicolo', 'truck', 0, NULL, 112, NULL, 240, NULL, NULL, NULL, NULL, NULL, 7315, 2438, 1498, NULL, NULL, NULL), 
	('Balqon', 'http://www.balqon.com', 'Nautilus XE20', 'Autoveicolo', 'special', 0, NULL, 40, NULL, 152, NULL, NULL, NULL, NULL, NULL, 5232, 2438, 3429, NULL, 6.5, NULL), 
	('Balqon', 'http://www.balqon.com', 'Nautilus XE30', 'Autoveicolo', 'special', 0, NULL, 72, NULL, 241, NULL, NULL, NULL, NULL, NULL, 7798, 2387, 2540, NULL, 6.5, NULL), 
	('Beepo', 'http://beepo-ev.com', 'Beepo Pony', 'Autoveicolo', 'transporter', 0, 25000, 60, NULL, 75, 2, 2, NULL, 14, 1700, 3925, 1460, 1770, NULL, 8, NULL), 
	('Bluebird Automotive', 'http://www.bluebirdautomotive.com', 'QEV70', 'Autoveicolo', 'transporter', 2006, NULL, 45, NULL, 65, NULL, NULL, NULL, 11.9, 2180, NULL, NULL, NULL, NULL, NULL, NULL), 
	('BMW', 'http://www.bmw.com', 'Active E Concept', 'Autoveicolo', 'standard', 2011, NULL, NULL, 8.5, 160, 4, 3, 200, 125, NULL, NULL, NULL, NULL, NULL, NULL, NULL), 
	('BMW', 'http://www.bmw.com', 'Mini-E', 'Autoveicolo', 'micro', 2008, NULL, 152, 8.5, 175, 2, 3, 60, 150, 1465, 3713, 1684, 1407, 10.7, 3.5, 0.14), 
	('BMW', 'http://www.bmw.com', 'Vision PHEV', 'Autoveicolo', 'standard', 0, NULL, 248, 5, 50, 4, 2, 0, NULL, 1400, NULL, NULL, NULL, NULL, 2.5, NULL), 
	('BMW i', 'http://www.bmw-i.com', 'BMW i3', 'Autoveicolo', 'concept', 2013, NULL, 150, 8, 160, NULL, 4, 200, NULL, NULL, 3800, 2000, 1500, NULL, NULL, NULL), 
	('BMW i', 'http://www.bmw-i.com', 'BMW i8', 'Autoveicolo', 'concept', 2013, NULL, NULL, 5, 35, 4, NULL, NULL, NULL, 1500, 4600, 2000, 1300, NULL, NULL, NULL), 
	('Boeing', 'NULL', 'Lunar Roving Vehicle', 'Autoveicolo', 'historic', 1970, NULL, 13, NULL, 92, 2, NULL, NULL, 0.72, 210, 3100, 1800, 1140, 3, 0, NULL), 
	('Buddy Electric', 'http://www.buddyelectric.com', 'Buddy', 'Autoveicolo', 'micro', 2005, 25000, 80, NULL, 120, 3, NULL, 150, 13, 719, 2440, 1490, 1510, 4.85, 8, NULL), 
	('BYD Auto', 'http://www.byd.com/', 'e6 EV', 'Autoveicolo', 'compact', 2010, NULL, 140, 8, 300, 5, 4, NULL, 75, NULL, NULL, NULL, NULL, NULL, 0.67, 0.21), 
	('BYD Auto', 'http://www.byd.com/', 'eBUS-12', 'Autoveicolo', 'bus', 2011, NULL, 100, NULL, 250, 31, NULL, NULL, 160, 13800, 12000, 2550, 3200, 12.2, 3, 1.2), 
	('BYD Auto', 'http://www.byd.com/', 'F3DM PHEV', 'Autoveicolo', 'compact', 2010, 10000, NULL, NULL, 400, NULL, NULL, NULL, NULL, NULL, NULL, NULL, NULL, NULL, NULL, NULL), 
	('BYD Auto', 'http://www.byd.com/', 'S6DM', 'Autoveicolo', 'standard', 2011, NULL, 180, NULL, 97, NULL, NULL, NULL, 85, NULL, 4810, 1855, 1725, NULL, 8, NULL), 
	('Chery Automobile Co', 'http://www.cheryinternational.com/', 'S18 EV', 'Autoveicolo', 'compact', 2010, 10000, 120, NULL, 150, 5, 4, NULL, 40, NULL, NULL, NULL, NULL, NULL, 6, NULL), 
	('Citroen', 'http://www.citroen.com/', 'Citroen C-Zero', 'Autoveicolo', 'micro', 2010, NULL, 130, 15, 128, 4, 4, NULL, 47, NULL, 3480, NULL, NULL, NULL, 6, NULL), 
	('Citroen', 'http://www.citroen.com/', 'REVOLTE PHEV', 'Autoveicolo', 'compact', 2010, NULL, NULL, NULL, NULL, NULL, NULL, NULL, NULL, NULL, 3680, 1730, 1350, 0, NULL, NULL), 
	('Citysax', 'http://www.citysax.com', 'CITYSAX', 'Autoveicolo', 'compact', 2009, 50000, 130, NULL, 120, 4, 5, 150, 26, 980, 3495, 1485, 1500, 4, 6, 18), 
	('Coda Automotive', 'http://www.codaautomotive.com/', 'CODA Sedan EV', 'Autoveicolo', 'compact', 2010, 25000, 136, 11, 192, 4, 4, 416, 100, 1660, 4445, 1752, 1463, 5.3, 6, NULL), 
	('Commuter Cars', 'http://www.commutercars.com/', 'Tango T600', 'Autoveicolo', 'micro', 0, 100000, 216, 4.5, 200, 2, 2, NULL, 600, 1428.81, 2560, 1000, 1520, 10, 1, NULL), 
	('Compagnie Centrale des Transports Automobiles', 'NULL', 'La Jamais Contente', 'Autoveicolo', 'historic', 1899, NULL, 105, NULL, NULL, 1, 0, NULL, 50, 1450, 3800, 1560, 1400, NULL, NULL, NULL), 
	('Detroit Electric', 'http://www.detroit-electric.com', 'Detroit Electric e46', 'Autoveicolo', 'compact', 0, NULL, 180, 8, 320, NULL, NULL, NULL, 75, 1225, 4310, 1725, 1435, NULL, 12.5, NULL), 
	('Detroit Electric', 'http://www.detroit-electric.com', 'Detroit Electric e63', 'Autoveicolo', 'compact', 2010, 25000, 180, 8, 180, 5, 4, NULL, 75, 1240, 4477, 1725, 1438, NULL, 8, NULL), 
	('DOK-ING', 'http://dok-ing.hr/', 'XD EV', 'Autoveicolo', 'concept', 2010, 25000, NULL, 7.7, NULL, 3, 2, NULL, 40, NULL, 2800, NULL, NULL, NULL, NULL, NULL), 
	('Duracar', 'http://www.quicc.eu/DURACAR_fr', 'Quicc DiVa EV', 'Autoveicolo', 'micro', 0, NULL, 120, NULL, 150, 2, 3, 2200, 50, 850, 3400, 1700, 1800, 5.7, 8, 0.14), 
	('Dynasty Electric Vehicle Ltd.', 'http://www.itiselectric.com', '2008 IT Sedan', 'Autoveicolo', 'micro', 2008, NULL, 40, 0, 50, 4, 4, NULL, NULL, 653, 3566, 1524, 1600, NULL, 6, 0.23), 
	('Dynasty Electric Vehicle Ltd.', 'http://www.itiselectric.com', '2008 IT Sport', 'Autoveicolo', 'sport', 2008, NULL, 55, NULL, 49, 4, 4, NULL, NULL, 657.7, 3566, 1524, 1600, NULL, 11.5, 88), 
	('Dynasty Electric Vehicle Ltd.', 'http://www.itiselectric.com', '2008 IT Tropic', 'Autoveicolo', 'recreational', 2008, NULL, 40, NULL, 49, 4, 0, 0, NULL, 653, 3566, 1524, 1600, NULL, 11.5, 88), 
	('Dynasty Electric Vehicle Ltd.', 'http://www.itiselectric.com', '2008 IT Utility', 'Autoveicolo', 'transporter', 2008, NULL, 39, NULL, 49, NULL, NULL, NULL, NULL, 653, 3566, 1524, 1600, NULL, 11.5, 88), 
	('Dynasty Electric Vehicle Ltd.', 'http://www.itiselectric.com', '2008 IT Van', 'Autoveicolo', 'van', 2008, NULL, 39, 0, 49, NULL, NULL, NULL, NULL, 653, 3566, 1524, 1600, NULL, 11.5, 88), 
	('e-Wolf GmbH', 'http://www.ewolf-car.com', 'e-WOLF Alpha 1 SRF', 'Autoveicolo', 'sport', 2010, 100000, 230, 3, 400, 2, 0, NULL, 560, 970, NULL, NULL, NULL, NULL, 2, NULL), 
	('e-Wolf GmbH', 'http://www.ewolf-car.com', 'e-Wolf Alpha 2', 'Autoveicolo', 'sport', 2011, 100000, 250, 3, 400, 2, 2, NULL, 560, 1100, 5000, 1900, 1300, NULL, 1, NULL), 
	('e-Wolf GmbH', 'http://www.ewolf-car.com', 'e-Wolf Alpha R', 'Autoveicolo', 'sport', 0, 100000, 160, 5.1, 200, 2, 0, NULL, 140, 670, 3500, 1630, 1110, 10, 4, 0.1), 
	('e-Wolf GmbH', 'http://www.ewolf-car.com', 'e-Wolf Delta 1', 'Autoveicolo', 'compact', 2010, 25000, 110, 13, 130, 5, 5, 0, 13, 1020, 3538, 1589, 1540, 9, 4, 0), 
	('e-Wolf GmbH', 'http://www.ewolf-car.com', 'e-Wolf Delta 2 Shuttle', 'Autoveicolo', 'van', 2010, 50000, 110, NULL, 154, 7, NULL, NULL, 90, 1666, 4400, 1695, 1800, 10.6, NULL, 0.1), 
	('e-Wolf GmbH', 'http://www.ewolf-car.com', 'e-Wolf e1', 'Autoveicolo', 'concept', 2010, NULL, 250, 5, NULL, 1, 0, NULL, 110, 500, 3335, 1717, 1220, NULL, NULL, NULL), 
	('e-Wolf GmbH', 'http://www.ewolf-car.com', 'e-Wolf Omega 0.7', 'Autoveicolo', 'transporter', 0, 50000, 110, NULL, 154, 2, NULL, NULL, 90, 1534, 4400, 1695, 1800, 10.6, 8, 0.1), 
	('e-Wolf GmbH', 'http://www.ewolf-car.com', 'e-Wolf Omega Mini', 'Autoveicolo', 'transporter', 0, 25000, 45, NULL, 65, 2, 2, NULL, 8, 775, 2850, 1270, 1910, 10.3, 7, NULL), 
	('ECOmove', 'http://en.ecomove.dk', 'QBEAK', 'Autoveicolo', 'concept', 2010, NULL, NULL, NULL, NULL, 3, NULL, 2500, NULL, NULL, NULL, NULL, NULL, NULL, NULL, NULL), 
	('Electric Vehicles International', 'http://www.evi-usa.com', 'E-MEGA', 'Autoveicolo', 'transporter', 0, NULL, 56, NULL, 80, NULL, NULL, NULL, 21, 612, 3322, 1524, 1829, 5.79, 7, NULL), 
	('Electric Vehicles International', 'http://www.evi-usa.com', 'Medium Duty Truck', 'Autoveicolo', 'truck', 0, NULL, 105, 26, 145, NULL, NULL, NULL, 120, NULL, NULL, NULL, NULL, NULL, NULL, NULL), 
	('Electric Vehicles International', 'http://www.evi-usa.com', 'Walk-In Van', 'Autoveicolo', 'transporter', 0, NULL, 105, 26, 145, NULL, NULL, 27467, 120, NULL, NULL, NULL, NULL, NULL, NULL, NULL), 
	('Fam Auto', 'http://www.fam-auto.com/', 'F-City', 'Autoveicolo', 'special', 0, NULL, 65, NULL, NULL, 2, 2, 410, 8, 840, 2500, 1575, 1630, 3, 8, NULL), 
	('FINE Mobile GmbH - The TWIKE Manufacturer', 'http://www.twike.com', 'TWIKE Active', 'Autoveicolo', 'sport', 1996, 25000, 85, 0, 200, 2, 1, 250, 3, 0, 2650, 1200, 1200, 0, 1, 5), 
	('FINE Mobile GmbH - The TWIKE Manufacturer', 'http://www.twike.com', 'TWIKE Easy', 'Autoveicolo', 'micro', 1996, 25000, 70, 0, 200, 2, 1, 250, 3, 250, 2650, 1200, 1200, 0, 0, 0), 
	('Fisker Automotive', 'http://live.fiskerautomotive.com/', 'Karma PHEV', 'Autoveicolo', 'compact', 2010, 50000, 153, 7.9, 80, 5, 4, NULL, 300, NULL, 4996, 1984, 1334, NULL, NULL, NULL), 
	('Ford', 'http://www.ford.ca/', '2012 Focus Electric', 'Autoveicolo', 'standard', 2012, 25000, 135, NULL, 160, 5, 4, NULL, 107, NULL, NULL, NULL, NULL, NULL, 3.5, NULL), 
	('GEM', 'http://www.gemcar.com', 'GEM  eS', 'Autoveicolo', 'recreational', 1998, 5000, 40, NULL, 56, 2, NULL, NULL, NULL, 531, 2743, 1397, 1778, 3.65, NULL, NULL), 
	('GEM', 'http://www.gemcar.com', 'GEM e2', 'Autoveicolo', 'recreational', 2011, 5000, 40, NULL, 48, 2, NULL, NULL, NULL, 517, 2514, 1397, 1778, 3.65, 6, NULL), 
	('GEM', 'http://www.gemcar.com', 'GEM e4', 'Autoveicolo', 'recreational', 2011, 10000, 40, NULL, 48, 4, NULL, NULL, NULL, 585, 3251, 1397, 1778, 4.87, NULL, NULL), 
	('GEM', 'http://www.gemcar.com', 'GEM e6', 'Autoveicolo', 'recreational', 2010, 10000, 40, NULL, 48, 6, NULL, NULL, NULL, 735, 4115, 1397, 1803, 5.94, NULL, NULL), 
	('GEM', 'http://www.gemcar.com', 'GEM eL', 'Autoveicolo', 'transporter', 1998, 10000, 40, NULL, 48, 2, NULL, NULL, NULL, 569, 3658, 1397, 1778, 5.33, NULL, NULL), 
	('GEM', 'http://www.gemcar.com', 'GEM eL XD', 'Autoveicolo', 'transporter', 2007, 10000, 40, NULL, 64, 2, NULL, NULL, 0, 703, 3658, 1397, 1803, 5.33, NULL, NULL), 
	('General Motors', 'http://www.gm.ca/', 'Chevrolet Volt', 'Autoveicolo', 'standard', 2011, 25000, 160, NULL, 64, 4, 4, NULL, NULL, NULL, NULL, NULL, NULL, NULL, NULL, NULL), 
	('GGT Electric', 'http://www.ggtelectric.com', 'Cozmo', 'Autoveicolo', 'micro', 2009, 10000, 40, NULL, 96, 2, 3, NULL, 20, 500, 2615, 1520, 1245, NULL, NULL, NULL), 
	('GGT Electric', 'http://www.ggtelectric.com', 'E-Dyne Truck', 'Autoveicolo', 'truck', 0, NULL, 40, NULL, 48, 2, 2, NULL, 25, NULL, 4038, 1524, 1841, NULL, 8, NULL), 
	('Ginetta', 'http://www.ginettacars.com/', 'G50 EV', 'Autoveicolo', 'micro', 0, NULL, 192, NULL, 400, 2, 2, NULL, NULL, NULL, NULL, NULL, NULL, NULL, NULL, NULL), 
	('Green Vehicles', 'http://www.greenvehicles.com/', 'Moose NEV', 'Autoveicolo', 'van', 2010, 10000, NULL, NULL, 96, NULL, 5, NULL, 20, NULL, NULL, NULL, NULL, NULL, NULL, NULL), 
	('Green Vehicles', 'http://www.greenvehicles.com/', 'Triac', 'Autoveicolo', 'micro', 2008, 10000, 128, NULL, 161, NULL, NULL, NULL, 20, NULL, NULL, NULL, NULL, NULL, 5, NULL), 
	('Greenlinecars', 'http://www.greenlinecars.nl', 'Omnia Sport 45', 'Autoveicolo', 'micro', 2012, 10000, 45, NULL, 80, 2, 3, 2100, 4, 680, 3000, 1590, 1435, NULL, 7, NULL), 
	('Heuliez', 'http://www.heuliez.com/', 'WILL', 'Autoveicolo', 'micro', 2010, 25000, NULL, NULL, 300, 5, 4, NULL, NULL, NULL, NULL, NULL, NULL, NULL, NULL, NULL), 
	('Hiriko', 'http://www.hiriko.com', 'Hiriko Concept Car', 'Autoveicolo', 'concept', 2012, NULL, NULL, NULL, NULL, NULL, NULL, NULL, NULL, NULL, NULL, NULL, NULL, NULL, NULL, NULL), 
	('Honda', 'http://www.honda.com/', '2013 Fit EV', 'Autoveicolo', 'compact', 2013, 25000, 145, NULL, 132, 5, NULL, NULL, 92, 1475, 4115, 1720, 1580, NULL, 3, NULL), 
	('Honda', 'http://www.honda.com/', 'EV-N', 'Autoveicolo', 'micro', 0, NULL, NULL, NULL, NULL, 4, 2, NULL, NULL, NULL, NULL, NULL, NULL, NULL, NULL, NULL), 
	('Hyundai', 'http://www.hyundaicanada.com/', 'i10 Electric', 'Autoveicolo', 'micro', 2012, NULL, 130, 15, 160, 5, 5, NULL, 49, NULL, NULL, NULL, NULL, NULL, NULL, NULL), 
	('Kia', 'http://www.kia.com/international/', 'Ray EV', 'Autoveicolo', 'micro', 2012, NULL, 130, 15.9, 139, NULL, 5, NULL, 50, 1185, 3595, 1595, 1710, NULL, NULL, NULL), 
	('Kia', 'http://www.kia.com/international/', 'Venga EV', 'Autoveicolo', 'concept', 2010, NULL, 140, 11.8, 180, NULL, NULL, NULL, 80, NULL, NULL, NULL, NULL, NULL, 8, NULL), 
	('Lightning Car Company', 'http://www.lightningcarcompany.co.uk/', 'Lightning GT', 'Autoveicolo', 'sport', 2010, 100000, 210, 4, 300, NULL, 2, NULL, 480, NULL, 4445, 1940, 1200, NULL, NULL, NULL), 
	('Loremo', 'http://www.loremo.com/', 'Loremo EV', 'Autoveicolo', 'standard', 2011, 25000, 140, 11, 152, 4, 0, NULL, 40, 650, 3750, 1400, 1140, NULL, 3.5, 0.07), 
	('LUIS', 'http://4u.luis.de', 'LUIS 4U green', 'Autoveicolo', 'standard', 2010, 25000, 120, 5, 200, 4, 5, 1158, 32, 1830, 3970, 1570, 1733, 6.9, 0.33, NULL), 
	('Lumeneo', 'http://www.lumeneo.fr/', 'Neoma', 'Autoveicolo', 'micro', 2012, NULL, 110, NULL, 140, 4, NULL, NULL, NULL, NULL, 2700, 1600, NULL, NULL, NULL, NULL), 
	('Lumeneo', 'http://www.lumeneo.fr/', 'Smera', 'Autoveicolo', 'micro', 2010, NULL, 110, 8, 100, 2, 2, 150, 30, 525, 2500, 860, 1450, 3.5, 5, 0), 
	('Luxgen', 'http://www.luxgen-motor.com/', 'Luxgen EV +', 'Autoveicolo', 'micro', 0, NULL, 145, 8.6, 350, 4, 4, NULL, 180, NULL, NULL, NULL, NULL, NULL, NULL, NULL), 
	('Maranello 4cycle', 'http://www.maranello4cycle.com', 'SCE Electric', 'Autoveicolo', 'micro', 2008, 10000, 45, NULL, 100, 2, 3, NULL, 4, NULL, 2640, 1440, 1670, NULL, NULL, NULL), 
	('Mercedes-Benz', 'http://www.mercedes-benz.com', 'Mercedes Benz BlueZero EV', 'Autoveicolo', 'standard', 2010, NULL, NULL, NULL, 192, NULL, NULL, NULL, 35, NULL, NULL, NULL, NULL, NULL, NULL, NULL), 
	('Mercedes-Benz', 'http://www.mercedes-benz.com', 'Mercedes Benz BlueZero PHEV', 'Autoveicolo', 'micro', 2010, NULL, NULL, NULL, 576, NULL, NULL, NULL, 18, NULL, NULL, NULL, NULL, NULL, NULL, NULL), 
	('Mercedes-Benz', 'http://www.mercedes-benz.com', 'Mercedes Benz S500 vision PHEV', 'Autoveicolo', 'micro', 0, NULL, 117, NULL, NULL, NULL, NULL, NULL, 44, NULL, NULL, NULL, NULL, NULL, NULL, NULL), 
	('Mercedes-Benz', 'http://www.mercedes-benz.com', 'Mercedes Benz SLS eDrive EV', 'Autoveicolo', 'micro', 2015, NULL, NULL, 4, NULL, NULL, NULL, NULL, 48, NULL, NULL, NULL, NULL, NULL, NULL, NULL), 
	('mia electric', 'http://www.mia-electric.com', 'mia', 'Autoveicolo', 'micro', 2011, 25000, 100, NULL, 125, 3, NULL, 260, 18, 764, 2870, 1640, 1550, 4.3, 3, NULL), 
	('mia electric', 'http://www.mia-electric.com', 'mia K', 'Autoveicolo', 'transporter', 2011, NULL, 100, NULL, NULL, 1, NULL, 1500, NULL, 765, 3190, 1640, 1550, NULL, NULL, NULL), 
	('mia electric', 'http://www.mia-electric.com', 'mia L', 'Autoveicolo', 'micro', 2011, 25000, 100, NULL, NULL, 4, NULL, 420, NULL, 800, 3190, 1640, 1550, NULL, NULL, NULL), 
	('Miles Electric Vehicles', 'http://www.milesev.com/', 'ZX40S', 'Autoveicolo', 'van', 2009, 10000, 40, 15, 50, 4, 5, 1161, 26, 1360, 3404, 1473, 1702, NULL, 6, NULL), 
	('Miles Electric Vehicles', 'http://www.milesev.com/', 'ZX40ST', 'Autoveicolo', 'transporter', 2009, 10000, 40, 12.5, 64, 2, 2, 1025, 26, 1360, 4114, 1498, 1879, NULL, 6, NULL), 
	('Mitsubishi', 'http://www.mitsubishi-motors.com', 'i-Miev', 'Autoveicolo', 'micro', 2009, 25000, 130, NULL, 160, 4, 4, NULL, 47, 1080, 3395, 1475, 1600, NULL, 7, 125), 
	('Myers Motors', 'http://www.myersmotors.com/', 'Nmg2', 'Autoveicolo', 'micro', 2004, 25000, 120, NULL, 80, 1, 2, NULL, NULL, 708, 2540, 1270, 1447, NULL, NULL, NULL), 
	('Nice Car Company', 'http://nicecarcompany.co.uk', 'Mega City 2 Seater', 'Autoveicolo', 'micro', 0, 10000, 64, NULL, 96, 2, 3, NULL, NULL, NULL, NULL, NULL, NULL, NULL, 8, NULL), 
	('Nissan', 'http://www.nissanusa.com/', 'Nissan Leaf', 'Autoveicolo', 'micro', 2010, 25000, 144, NULL, 160, 5, 5, 410, 80, NULL, 4445, 1770, 1549, NULL, NULL, NULL), 
	('Oka Auto', 'http://www.okaauto.com', 'OKA NEV ZEV', 'Autoveicolo', 'micro', 2003, 5000, 40, NULL, 40, NULL, NULL, NULL, NULL, 685, 3200, 1420, 1400, NULL, 8, NULL), 
	('Opel', 'http://www.opel.com', 'Opel Ampera', 'Autoveicolo', 'standard', 2012, 50000, 161, 9, 80, 4, 5, 310, 111, 1732, 4498, 1787, 1439, NULL, 6, NULL), 
	('Optimal Energy', 'http://www.optimalenergy.co.za/', 'Joule', 'Autoveicolo', 'compact', 2013, 25000, 135, 16, 300, 5, 5, 700, 70, 1200, 3982, 1835, 1650, 9.8, 7, 107), 
	('Peugeot', 'http://www.peugeot.fr/', 'Peugeot BB1', 'Autoveicolo', 'concept', 2010, NULL, NULL, NULL, NULL, 4, NULL, NULL, NULL, NULL, 2500, NULL, NULL, NULL, NULL, NULL), 
	('Peugeot', 'http://www.peugeot.fr/', 'Peugeot iOn', 'Autoveicolo', 'micro', 2010, 25000, 130, 15.9, 150, 4, 5, NULL, NULL, 1120, 3480, 1792, 1608, NULL, 6, 135), 
	('Phoenix Motorcars', 'http://www.phoenixmotorcars.com/', 'Phoenix SUT', 'Autoveicolo', 'offroader', 2010, NULL, 128, 14, 160, 5, 4, NULL, NULL, 2086, 4965, 1900, 1755, NULL, 6, NULL), 
	('Pininfarina', 'http://www.pininfarina.com/', 'BLUECAR aka B0', 'Autoveicolo', 'micro', 2010, NULL, 130, 11, 250, 5, 5, NULL, 50, NULL, 3650, 1720, 1600, NULL, 8, NULL), 
	('Pininfarina', 'http://www.pininfarina.com/', 'NidoEV', 'Autoveicolo', 'concept', 2010, NULL, 120, 11.2, 140, 2, 2, NULL, 30, 900, 2890, 1674, 1534, NULL, 8, NULL), 
	('Protoscar', 'http://www.protoscar.com/', 'Protoscar LAMP03', 'Autoveicolo', 'concept', 2011, NULL, 220, 4.5, 220, 2, NULL, NULL, 420, 1840, 4687, 1998, 1307, NULL, NULL, NULL), 
	('Protoscar', 'http://www.protoscar.com/', 'Protoscar Lampo2', 'Autoveicolo', 'concept', 2009, NULL, 200, 5, 200, 2, 2, NULL, 300, 1580, 4280, 1880, 1203, NULL, 12, 0.1), 
	('Renault', 'http://www.renault.fr/', 'Fluence Z.E', 'Autoveicolo', 'limo', 2012, 25000, 135, 13.4, 160, 5, 4, 317, 50, 1535, 4748, 1813, 1458, NULL, 8, NULL), 
	('Renault', 'http://www.renault.fr/', 'Kangoo Z.E', 'Autoveicolo', 'transporter', 2012, 10000, 130, NULL, 160, 2, 5, 3000, 44, 1483, 4213, 1829, 1805, NULL, 6, NULL), 
	('Renault', 'http://www.renault.fr/', 'Twizy Z.E', 'Autoveicolo', 'concept', 2012, NULL, NULL, NULL, 100, 1, 2, NULL, 15, 420, 2303, 1132, 1476, NULL, NULL, NULL), 
	('Renault', 'http://www.renault.fr/', 'Zoe Z.E', 'Autoveicolo', 'concept', 2012, NULL, 140, 6.7, 160, NULL, 2, NULL, 54, 1400, 4100, 1840, 1516, NULL, NULL, NULL), 
	('Reva', 'http://www.revafrance.fr/', 'NXG', 'Autoveicolo', 'micro', 2011, 25000, 130, NULL, 200, 2, 2, NULL, NULL, NULL, NULL, NULL, NULL, NULL, NULL, NULL), 
	('Reva', 'http://www.revafrance.fr/', 'Reva Li-ion', 'Autoveicolo', 'micro', 2009, NULL, 80, NULL, 120, NULL, NULL, NULL, NULL, NULL, NULL, NULL, NULL, NULL, NULL, NULL), 
	('Reva', 'http://www.revafrance.fr/', 'Reva NXR', 'Autoveicolo', 'micro', 2011, 10000, 104, NULL, 160, 4, 3, NULL, 25, 850, 3280, 1514, 1460, 3.9, 8, NULL), 
	('Rinspeed', 'http://www.rinspeed.com', 'Rinspeed UC', 'Autoveicolo', 'concept', 2010, NULL, 120, 8.2, 105, 2, 2, NULL, 30, 980, 2590, 1627, 1488, NULL, NULL, 12), 
	('Rolls Royce', 'http://www.rolls-roycemotorcars.com/', 'Electric Phantom', 'Autoveicolo', 'limo', 2010, 100000, NULL, NULL, NULL, NULL, NULL, NULL, NULL, NULL, NULL, NULL, NULL, NULL, NULL, NULL), 
	('S.A.M. Group AG', 'http://www.friends-of-sam.com', 'SAM', 'Autoveicolo', 'micro', 2009, 10000, 90, NULL, 100, 2, NULL, NULL, 11.6, 500, 3070, 1580, 1590, NULL, 5, 0.08), 
	('SABA', 'http://www.sabamotors.com/', 'Carbon Zero', 'Autoveicolo', 'sport', 2010, NULL, 168, 5, 220, 2, 2, NULL, NULL, NULL, NULL, NULL, NULL, NULL, NULL, 112), 
	('SAIC', 'http://www.saicgroup.com/English/index.shtml', 'Roewe 750', 'Autoveicolo', 'compact', 2012, NULL, 150, NULL, 200, 5, 4, NULL, NULL, NULL, NULL, NULL, NULL, NULL, 8, NULL), 
	('SEAT', 'http://www.seat.com/', 'SEAT IBE Concept Car', 'Autoveicolo', 'concept', 2010, NULL, NULL, 9.4, 128, 4, 2, NULL, 75, 1000, 3780, 1800, 1220, NULL, NULL, NULL), 
	('Sim', 'http://www.sim-drive.com/', 'Luciole', 'Autoveicolo', 'micro', 2013, 10000, NULL, NULL, 300, 5, NULL, NULL, NULL, NULL, NULL, NULL, NULL, NULL, NULL, NULL), 
	('SIMPLYCITY', 'http://www.simplycity.fr', 'SC Benne Basculante', 'Autoveicolo', 'transporter', 0, NULL, 80, NULL, 50, 2, 2, 1700, 8, 840, 3480, 1460, 1700, NULL, 7, NULL), 
	('SIMPLYCITY', 'http://www.simplycity.fr', 'SC Fourgon', 'Autoveicolo', 'transporter', 0, NULL, 80, NULL, 50, 2, 2, 2050, 8, 795, 3480, 1460, 1700, NULL, 7, NULL), 
	('SIMPLYCITY', 'http://www.simplycity.fr', 'SC Isotherme', 'Autoveicolo', 'transporter', 0, NULL, 80, NULL, 50, 2, 2, NULL, NULL, 840, 3480, 1460, 1700, NULL, 7, NULL), 
	('SIMPLYCITY', 'http://www.simplycity.fr', 'SC Pick-up', 'Autoveicolo', 'transporter', 0, NULL, 80, NULL, 50, 2, 2, NULL, 8, 800, 3480, 1460, 1700, NULL, 7, NULL), 
	('SIMPLYCITY', 'http://www.simplycity.fr', 'SC SUN', 'Autoveicolo', 'recreational', 0, NULL, 80, NULL, 50, 4, NULL, NULL, 8, 734, 3307, 1493, 1622, NULL, 7, 0), 
	('SIMPLYCITY', 'http://www.simplycity.fr', 'SC Triporteur', 'Autoveicolo', 'special', 0, NULL, 25, NULL, 35, 1, NULL, 500, 3, NULL, 2355, 1255, 1851, NULL, 7, NULL), 
	('Smart', 'http://www.smart.com/', 'Smart ForTwo electric drive', 'Autoveicolo', 'micro', 2007, NULL, 145, 13, 135, 2, 3, 220, 30, 820, 2695, 1559, 1542, 8.75, 4, NULL), 
	('Smiles AG', 'http://www.smiles-world.de', 'CityEL', 'Autoveicolo', 'micro', 1987, 10000, 63, NULL, 120, 1, 1, 300, 2.5, 260, 2741, 1060, 1260, 8.5, 10, 0.09), 
	('Smith Electric', 'http://www.smithelectric.com', 'Edison', 'Autoveicolo', 'transporter', 2007, NULL, 80, NULL, 180, NULL, NULL, NULL, 90, 4600, 6430, 2492, 2629, NULL, 6, NULL), 
	('Smith Electric', 'http://www.smithelectric.com', 'Newton', 'Autoveicolo', 'truck', 2006, NULL, 80, NULL, 240, NULL, NULL, NULL, 120, 12000, NULL, NULL, NULL, NULL, 8, NULL), 
	('Star Electric Vehicles', 'http://www.starelectricvehicles.com', 'STAR-B48', 'Autoveicolo', 'bus', 0, NULL, 40, NULL, NULL, 14, NULL, NULL, NULL, NULL, NULL, NULL, NULL, NULL, NULL, NULL), 
	('Star Electric Vehicles', 'http://www.starelectricvehicles.com', 'STAR-BN96', 'Autoveicolo', 'bus', 0, NULL, 40, NULL, NULL, 14, NULL, NULL, NULL, NULL, NULL, NULL, NULL, NULL, NULL, NULL), 
	('Star Electric Vehicles', 'http://www.starelectricvehicles.com', 'STAR-LSV (NEV)', 'Autoveicolo', 'recreational', 0, NULL, 40, NULL, NULL, 6, NULL, NULL, NULL, NULL, NULL, NULL, NULL, NULL, NULL, NULL), 
	('Star Electric Vehicles', 'http://www.starelectricvehicles.com', 'STAR48', 'Autoveicolo', 'recreational', 0, NULL, 40, NULL, NULL, 2, NULL, NULL, NULL, NULL, NULL, NULL, NULL, NULL, NULL, NULL), 
	('Subaru', 'http://www.subaru.com/', 'R1e', 'Autoveicolo', 'micro', 0, NULL, 104, NULL, 80, 2, NULL, NULL, NULL, NULL, NULL, NULL, NULL, NULL, NULL, NULL), 
	('Subaru', 'http://www.subaru.com/', 'Stella EV', 'Autoveicolo', 'micro', 2009, 25000, 140, NULL, 80, NULL, 4, NULL, 47, 1.1, NULL, NULL, NULL, NULL, NULL, NULL), 
	('Tazzari', 'http://www.tazzari-zero.com/', 'Tazzari Zero', 'Autoveicolo', 'micro', 0, 25000, 100, NULL, 140, 2, 2, 180, 15, 542, 2880, 1560, 1425, NULL, 9, NULL), 
	('TE', 'http://www.torontoelectric.com/', 'Project Eve', 'Autoveicolo', 'concept', 0, NULL, 100, NULL, 208, NULL, NULL, NULL, 49, NULL, NULL, NULL, NULL, NULL, NULL, NULL), 
	('Tesla Motors', 'http://www.teslamotors.com', '2010 Tesla Roadster', 'Autoveicolo', 'sport', 2010, 100000, 201, 3.9, 395, 2, 2, NULL, 215, 1238, 3946, 1851, 1126.5, NULL, 3.5, NULL), 
	('Tesla Motors', 'http://www.teslamotors.com', 'Model X', 'Autoveicolo', 'standard', 2012, NULL, NULL, 4.4, 482, 7, 4, NULL, NULL, NULL, NULL, NULL, NULL, NULL, NULL, NULL), 
	('Tesla Motors', 'http://www.teslamotors.com', 'Tesla Model S', 'Autoveicolo', 'standard', 2012, 50000, 192, 5.6, 480, 5, 5, NULL, NULL, NULL, NULL, NULL, NULL, NULL, 0.75, NULL), 
	('THEKPV', 'NULL', 'THEKPV', 'Autoveicolo', 'recreational', 2010, 0, 35, NULL, NULL, 1, NULL, NULL, NULL, NULL, NULL, NULL, NULL, NULL, 1, NULL), 
	('Think', 'http://www.thinkev.com/', 'THINK City', 'Autoveicolo', 'micro', 2011, 25000, 100, 16, 160, 2, 3, NULL, 30, 1038, 3143, 1596, 1658, 4.5, 10, NULL), 
	('Tilter - SynergEthic', 'http://www.tilter.eu', 'Tilter', 'Autoveicolo', 'micro', 2011, 10000, 110, 13.3, 120, 1, 1, 220, 15, 340, 2530, 900, 1650, 8, 6, 65), 
	('Toyota', 'http://www.toyota.com/', 'FT-EV II Concept', 'Autoveicolo', 'concept', 2010, NULL, 100, NULL, 90, 2, 2, NULL, NULL, NULL, 2730, 1680, 1490, NULL, NULL, NULL), 
	('Toyota', 'http://www.toyota.com/', 'RAV4 EV', 'Autoveicolo', 'offroader', 2012, 25000, NULL, 7, 160, NULL, NULL, 2067, NULL, 1829, NULL, NULL, NULL, NULL, NULL, NULL), 
	('Trabant', 'http://www.trabant-nt.de', 'Trabant nT', 'Autoveicolo', 'concept', 2009, NULL, 130, NULL, 160, 5, NULL, NULL, 47, 1050, 3950, 1690, 1500, NULL, 2, NULL), 
	('Volkswagen', 'http://www.vw.com', 'E-Bugster Concept', 'Autoveicolo', 'concept', 2012, NULL, NULL, 10.9, 180, 2, NULL, NULL, 85, NULL, NULL, NULL, NULL, NULL, 0.59, NULL), 
	('Volkswagen', 'http://www.vw.com', 'E-Up', 'Autoveicolo', 'micro', 2013, NULL, 140, 11, 85, NULL, 2, NULL, 60, 1085, 3200, NULL, NULL, NULL, 5, NULL), 
	('Volvo', 'http://www.volvocars.com', 'Volvo C30 electric BEV', 'Autoveicolo', 'concept', 0, NULL, 130, 11, 150, NULL, 3, NULL, 80, 1346, 4266, 1782, 1447, 11.1, NULL, NULL), 
	('Wheego', 'http://wheego.net', 'Wheego Whip', 'Autoveicolo', 'micro', 2011, 25000, 104, NULL, 160, 2, NULL, NULL, 8.5, 1333, 3010, 1605, 1600, NULL, 0, NULL), 
	('Wrightspeed', 'http://wrightspeed.com/', 'X1 Prototype', 'Autoveicolo', 'concept', 0, NULL, 166, 2.9, 160, NULL, NULL, NULL, NULL, 770, NULL, NULL, NULL, NULL, NULL, 125), 
	('Zap', 'http://www.zapworld.com', 'Xebra Electric Sedan', 'Autoveicolo', 'micro', 2006, 10000, 65, NULL, 40, 4, NULL, NULL, NULL, 1400, 2900, 661, 777, NULL, NULL, NULL), 
	('Zap', 'http://www.zapworld.com', 'Xebra Electric Truck', 'Autoveicolo', 'transporter', 2006, 10000, 64, NULL, 40, 2, 2, NULL, NULL, 1400, 2900, 661, 777, NULL, NULL, NULL), 
	('Zap', 'http://www.zapworld.com', 'Xebra Xero Solar Panel', 'Autoveicolo', 'transporter', 2006, NULL, 64, NULL, 40, NULL, NULL, NULL, NULL, NULL, 3048, 1524, 1550, NULL, NULL, NULL), 
	('Zap', 'http://www.zapworld.com', 'Zap Alias', 'Autoveicolo', 'sport', 2009, 25000, 120, 8, 160, 2, 2, NULL, NULL, NULL, NULL, NULL, NULL, NULL, NULL, NULL), 
	('Zap', 'http://www.zapworld.com', 'ZAPTRUCK XL', 'Autoveicolo', 'transporter', 0, NULL, 40, NULL, 48, NULL, NULL, NULL, 6, NULL, 4038, 1524, 1841, 4.5, 12, NULL), 
	('Zap', 'http://www.zapworld.com', 'ZAPVAN SHUTTLE', 'Autoveicolo', 'van', 0, 10000, 40, NULL, 48, 5, 5, 3058, 6, 1144, 3505, 1372, 1195, 4.6, 12, NULL), 
	('ZEV Motors', 'http://www.zev.ee', 'ATV ZA-211', 'Autoveicolo', 'recreational', 0, 10000, 25, NULL, 20, NULL, NULL, NULL, 0.45, 46, 1160, 680, 820, NULL, 8, NULL), 
	('ZEV Motors', 'http://www.zev.ee', 'ATV ZA-213', 'Autoveicolo', 'recreational', 0, 10000, 20, NULL, 18, 1, 0, NULL, 0.8, NULL, NULL, NULL, NULL, NULL, 6, NULL), 
	('ZEV Motors', 'http://www.zev.ee', 'ZEV 1', 'Autoveicolo', 'micro', 0, 5000, 45, NULL, 100, 2, NULL, NULL, 4.2, 700, 3070, 1310, 1300, 4, 8, NULL), 
	('ZEV Motors', 'http://www.zev.ee', 'ZEV MiniVan 15090', 'Autoveicolo', 'van', 0, 10000, 90, NULL, 150, 7, NULL, NULL, 30, NULL, 3795, 1560, 1925, NULL, NULL, NULL), 
	('ZEV Motors', 'http://www.zev.ee', 'ZEV Seven', 'Autoveicolo', 'sport', 2010, NULL, 120, NULL, 100, 2, NULL, NULL, 14, NULL, NULL, NULL, NULL, NULL, 8, NULL), 
	('ZEV Motors', 'http://www.zev.ee', 'ZEV Smiley', 'Autoveicolo', 'micro', 2007, 5000, 55, NULL, 130, 2, NULL, NULL, 6.5, 936, 2608, 1515, 1526, 4.6, 8, NULL), 
	('ZEV Motors', 'http://www.zev.ee', 'ZEV Smiley 4', 'Autoveicolo', 'micro', 0, 10000, 75, NULL, 100, NULL, NULL, NULL, 6.5, NULL, NULL, NULL, NULL, NULL, 8, NULL), 
	('ZEV Motors', 'http://www.zev.ee', 'ZEV ZT1510 Li', 'Autoveicolo', 'offroader', 0, 25000, 100, NULL, 150, 5, NULL, NULL, 30, 1290, 3900, 1515, 1670, 4.7, 8, NULL);

INSERT INTO concessionario(id,nome,via,civico,comune,provincia,cap,web,telefono,fax,latitudine,longitudine)
	VALUES
		(1,'DRAGHETTI SRL','VIA FERRARESE', '215' ,'BOLOGNA','BO','40128','http://www.renault.it/concessionaria/draghetti','051/323040','051/6388611',44.50959,11.35471),
		(2,'RENO M.COMPANY SRL','VIA DE PISIS','16','BOLOGNA','BO','40133','http://www.renault.it/concessionaria/renomotorcompany','051/6198955','051/6198956',44.50108 ,11.29104),
		(3,'AUTEC SRL','VIA S.DONATO','3/2','QUARTO INFERIORE','BO','40057','http://www.renault.it/concessionaria/autec','051/780018','051/780766',44.51093,11.38610),
		(4,'AUTORIP.SRM DI MONTORSI GIORGIO SRL','VIA DEL MANISCALCO','6/8','CASTELFRANCO EMILIA','MO','41013','http://www.renault.it/concessionaria/autorip','059/926681','059/950259',44.58878,11.06468),
		(5,'AUTEC SRL','VIA S.DONATO','3/2','QUARTO INFERIORE','BO','40057','http://www.renault.it/concessionaria/autec','051/780018','051/780766',44.51093,11.38610),
		(6,'AUTORIP.SRM DI MONTORSI GIORGIO SRL','VIA DEL MANISCALCO','6/8','CASTELFRANCO EMILIA','MO','41013','http://www.renault.it/concessionaria/autorip','059/926681','059/950259',44.58878,11.06468),
		(7,'MODENAUTO GROUP SPA','VIA EMILIA OVEST','1127/A','MODENA','MO','41100','http://www.renault.it/concessionaria/modenauto','059/335450','059/827313',44.65238,10.87141),
		(8,'AUTOS. SCARABELLI SRL','VIA FONDO VAL TIEPIDO','85','MARANELLO','MO','41053','http://www.renault.it/concessionaria/scarabelli','053/6941605','053/6933324',44.52418,10.87007),
		(9,'FRANCIOSI SRL','VIA STATALE SUD','70','MIRANDOLA','MO','41037','http://www.renault.it/concessionaria/franciosi','053/5665711','053/5665790',44.86146,11.05939),
		(10,'AUTO IL CORREGGIO SPA','VIA MATTEOTTI','1','CORREGGIO','RE','42015','http://www.renault.it/concessionaria/autoilcorreggio','052/2692025','052/2631226',44.76311,10.78752),
		(11,'LASAGNI & C. SPA','VIA F.LLI BRUSCHI','6','REGGIO EMILIA','RE','42100','http://www.renault.it/concessionaria/lasagni','052/2700011','052/2792539',44.71085,10.61381),
		(12,'COMAC SRL','VIA ANDREA COSTA','51','FORLÌ','FC','47100','http://www.renault.it/concessionaria/comac','054/361546','054/3400741',44.22053,12.05658),
		(13,'AUTOPIÙ SRL','VIA BENTINI','11','BOLOGNA','BO','40128','http://www.concessionario.citroen.it/autopiu-castelmaggiore','051/7092429',NULL,44.54754,11.35664),
		(14,'AUTOLUNA E.R. S.R.L.','VIA DEL CARROZZAIO','2','BOLOGNA','BO','40127','http://www.concessionario.citroen.it/autoluna-bologna','051/533428','051/6010925',44.49933,11.39857),
		(15,'AUTOPIÙ SRL','PIAZZA 7 NOVEMBRE 1944','8','BOLOGNA','BO','40128','http://www.concessionario.citroen.it/autopiu-bologna','051/558408','051/520511',44.50285,11.33339),
		(16,'PANINI OTELLO & C. S.R.L.','VIA EMILIA EST','1385','SALICETO PANARO','MO','41100','http://www.concessionario.citroen.it/panini-modena','059/284411','059/281851',44.6288,10.96882),
		(17,'EMIL-CAR S.R.L.','VIA RADICI IN PIANO','7','FIORANO MODENESE','MO','41042','http://www.concessionario.citroen.it/emilcar','0536/802113','0536/802221',44.53726,10.82092),
		(18,'PANINI OTELLO & C. S.R.L.','VIA MANZONI','A-D','CARPI','MO','41012','http://www.concessionario.citroen.it/panini-carpi','059/682103',NULL,44.7886,10.88806),
		(19,'AUTOSALONE 2000 S.R.L.','VIA ENRICO MATTEI','2','DUE CARRARE','PD','35020','http://www.chevroletpadova.it/','049/8669944','049/8668872',45.32630,11.81559),
		(20,'TESLA STORE','VIA CERVA','31','MILANO','MI','20122','http://www.teslamotors.com/it_IT/milan','02/89775758',NULL,45.46553,9.19942),
		(21,'GOLDEN CAR','VIA DE CARRACCI','8/9','BOLOGNA','BO','40131','http://www.eagroup.it/home.php','051/6382111','051/6346641',44.50837,11.33568),
		(22,'MELEGARI AUTO','VIA LA SPEZIA','152','PARMA','PR','43100','http://www.mitsubishiparma.it/contents/it/Home-Page.htm','0521/293969','0521/983660',44.78396,10.29208),
		(23,'STAREMILIA S.r.l.','VIA DEL LAVORO','50','CASALECCHIO DI RENO','BO','40033','http://it.smart.com/is-bin/INTERSHOP.enfinity/WFS/mpc-it-content-Site/it_IT/-/EUR/Smart_DealerLocator-ViewSmartCenter?sCCode=3919','051/19936600','051/19936699',44.47966,11.26716),
		(24,'AUTOTORINO S.p.A.','VIA EMILIA EST','1299','MODENA','MO','41100','http://it.smart.com/is-bin/INTERSHOP.enfinity/WFS/mpc-it-content-Site/it_IT/-/EUR/Smart_DealerLocator-ViewSmartCenter?sCCode=30842','059/2863811','059/2863860',44.63162,10.96179),
		(25,'DE STEFANI S.p.A.','VIA POLA','23','IMOLA','BO','40026','http://it.smart.com/is-bin/INTERSHOP.enfinity/WFS/mpc-it-content-Site/it_IT/-/EUR/Smart_DealerLocator-ViewSmartCenter?sCCode=3814',' 0542/691911',' 0542/44203',44.35991,11.69305),
		(26,'STAREMILIA S.r.l.','VIA TRASVOLATORI ATLANTICI','4','FERRARA','FE','44100','http://it.smart.com/is-bin/INTERSHOP.enfinity/WFS/mpc-it-content-Site/it_IT/-/EUR/Smart_DealerLocator-ViewSmartCenter?sCCode=5625','0532/067711','0532/067798',44.79920,11.57250),
		(27,'NEACAR S.r.l.','VIA G.B. VICO','10','CELLA','RE','42124','http://it.smart.com/is-bin/INTERSHOP.enfinity/WFS/mpc-it-content-Site/it_IT/-/EUR/Smart_DealerLocator-ViewSmartCenter?sCCode=3824','0522/1770611','0522/1770612',44.72227,10.56284),
		(28,'DE STEFANI S.p.A.','VIA DISMANO','2','RAVENNA','RA','48100','http://it.smart.com/is-bin/INTERSHOP.enfinity/WFS/mpc-it-content-Site/it_IT/-/EUR/Smart_DealerLocator-ViewSmartCenter?sCCode=BH3','0544/479611','0544/479660',44.39540,12.21524),
		(29,'DE STEFANI S.p.A.','VIA RAVENNATE','1550','CESENA','FC','47023','http://it.smart.com/is-bin/INTERSHOP.enfinity/WFS/mpc-it-content-Site/it_IT/-/EUR/Smart_DealerLocator-ViewSmartCenter?sCCode=5914','0547/637011','0547/637031',44.16732,12.24300),
		(30,'ANTARES - S.C.A. S.r.l.','VIA LAVAGNA','1/A','PARMA','PR','43100','http://it.smart.com/is-bin/INTERSHOP.enfinity/WFS/mpc-it-content-Site/it_IT/-/EUR/Smart_DealerLocator-ViewSmartCenter?sCCode=5587','0521/901590','0521/983991',44.78467,10.29339),
		(31,'MORINI CARS','VIA EMILIA','295','SAN LAZZARO DI SAVENA','BO','40068','http://www.morinicars.nissan.it/','051/4992511','0516256592',44.46335,11.42751),
		(32,'PELLONI AUTO S.P.A.','VIA DON LORENZO MILANO','89','MODENA','MO','41100','http://pelloniauto.nissan.it/','059/250396','059/260503',44.65855,10.96832),
		(33,'PELLONI AUTO S.P.A.','VIA NONANTOLANA','980','MODENA','MO','41100','http://pelloniauto.nissan.it/','059/250396','059/260503',44.66045,10.96681),
		(34,'AUTO PO S.R.L.','VIA TRAVERSAGNO','49','FERRARA','FE','44100','http://www.autopo.nissan.it/','0532/54545','0532/773127',44.85252,11.58308),
		(35,'PELLONI AUTO S.P.A.','CIRCONVALLAZIONE NORD EST','114','SASSUOLO','MO','41049','http://pelloniauto.nissan.it/','0536/812075','0536/888472',44.54817,10.79702),
		(36,'PELLONI AUTO S.P.A.','VIA VASCO DE GAMA','22','CARPI','MO','41012','http://pelloniauto.nissan.it/','059/643860','059/643860',44.78388,10.87966),
		(37,'KENDO MOTORS S.R.L.','VIA G.B. VICO','10/D','REGGIO EMILIA','RE','42100','http://www.kendomotors.nissan.it/','0522/930055','0522/381290',44.72227,10.56284),
		(38,'COMAC S.R.L.','VIA ANDREA COSTA','51','FORLÌ','FC','47100','http://comac.nissan.it/','0543/405045','0543/405038',44.22066,12.05702),
		(39,'DESTAUTO S.P.A.','VIA FAENTINA','173','RAVENNA','RA','48100','http://destauto.nissan.it/','0544/500850','0544/500819',44.42129,12.15550),
		(40,'CAREBO','VIA ALFREDO TASSI','1/A','PARMA','PR','43100','','0521/247511','0521/247519',44.78634,10.37891),
		(41,'PIRACCINI','VIA ITALIA','24','RIMINI','RN','47900','http://piraccini.nissan.it/','0541/358811','0541/358886',44.06471,12.53757),
		(42,'MOTORISSIMA SRL','VIA E. FERRARI','110','CESENA','FC','47023',NULL,'0547/380777',NULL,44.15644,12.24030),
		(43,'CISA 2000 S.R.L.','VIA PAOLO BOVI CAMPEGGI','2','BOLOGNA','BO','40131','http://www.cisa2000.com/default.htm','051/551701','051/521673',44.50609,11.33095),
		(44,'F.LLI MAGNANI','VIA RAVENNATE','943','CESENA','FC','47521','http://www.opelmagnani.it/','0547/631720','0547/631932',44.15541,12.24216),
		(45,'MARCAR SRL','VIA FLAMINIA','341','RIMINI','RN','47924','http://www.marcar.it/',' 0541/374312','0541/374601',44.03447,12.60180),
		(46,'NRG SRL','VIA LITORALE MARINA','91','CESENATICO','FC','47042','http://www.autoplaya.it/','0547/85733','0547/681336 ',44.17850,12.41751),
		(47,'AUTOLUNA E.R.','VIA DEL CARROZZAIO','2','BOLOGNA','BO','40127','http://www.autofrance.peugeot.it/index2.asp','051/6036940',' 051/6036954',44.49933,11.39857),
		(48,'AUTOSCALA','VIA CADUTI DI AMOLA','6','BOLOGNA','BO','40132','http://www.autoscala.peugeot.it/index2.asp','051/406815',' 051/404479',44.51505,11.28119),
		(49,'FB AUTO','VIA PER SPILAMBERTO','1436','VIGNOLA','MO','41058','http://www.fbauto.it/','059/766359','059/779153',44.49724,11.01907),
		(50,'TAZZARI GL SPA','VIA SELICE PROVINCIALE','42/E','IMOLA','BO','40026','http://www.tazzari-zero.com/','0542/6230','0542/640211',44.38401,11.74107);


INSERT INTO utente (username, email, latitudine, longitudine)
VALUES
	('marco', 'marco@unibo.it', 44.50203, 11.343801),
	('donato', 'donato@unibo.it', 44.345826, 11.728223),
	('orgest', 'orgest@unibo.it', 44.698494, 10.628451),
	('andrea', 'andrea@unibo.it', 44.51380, 11.35849),
	('giulia', 'giulia@unibo.it', 44.61578,10.93149),
	('giuseppe', 'giuseppe@unibo.it', 44.14854, 12.07191),
	('cristina', 'cristina@unibo.it', 44.65137, 10.58521),
	('vito', 'vito@unibo.it', 44.73433, 11.29527),
	('fabio', 'fabio@unibo.it', 44.69810, 11.80903),
	('giulio', 'giulio@gmail.com', 44.391782, 11.528924),
	('paolo', 'paolo@hotmail.it', 44.618847, 11.226724),
	('andré', 'andre@gmail.com', 44.59810, 10.45182),
	('daniel','dany@gmail.com', 44.625190, 10.811127),
	('sebastiano','seb@hotmail.it', 44.278915, 11.814672),
	('gianfranco','gianffy@hotmail.com', 44.198726, 11.164471);

INSERT INTO colonnina (id, latitudine, longitudine, via, civico, comune, provincia, gestore, costruttore)
VALUES
	(0,44.5202708,11.2943895999999,'Via Del Triumvirato',NULL,'Bologna','BO','Giulio Barbieri Spa',NULL),
	(1,44.5090092526173,11.3406603507874,'Via Aristotile Fioravanti',NULL,'Bologna','BO',NULL,'Enel'),
	(2,44.355525,11.707358,'Viale Caterina Sforza',NULL,'Imola','BO',NULL,'Hera'),
	(3,44.5091594,11.3625823,'Viale Aldo Moro',NULL,'Bologna','BO',NULL,NULL),
	(4,44.356756,11.7180605,'Via Mentana',NULL,'Imola','BO',NULL,'Hera'),
	(5,44.529,11.42039,'Via San Donato',NULL,'Quarto Inferiore','BO',NULL,'Enel'),
	(6,44.359997,11.719758,'Piazza Alessandro Bianconcini',NULL,'Imola','BO',NULL,'Hera'),
	(7,44.347442,11.715598,'Via Amedeo Tabanelli',NULL,'Imola','BO',NULL,'Hera'),
	(8,44.357353,11.716578,'Via Aspromonte',NULL,'Imola','BO',NULL,'Hera'),
	(9,44.362775,11.69051,'Via Belvedere',NULL,'Imola','BO',NULL,'Hera'),
	(10,44.3716726,11.7044098,'Via Casalegno',NULL,'Imola','BO',NULL,'Hera'),
	(11,44.372722,11.723088,'Via Ruggiero Grieco',NULL,'Imola','BO',NULL,'Hera'),
	(12,44.356971,11.717129,'Viale Andrea Costa',NULL,'Imola','BO',NULL,'Hera'),
	(13,44.3528337,11.7087493,'Viale Aurelio Saffi',NULL,'Imola','BO',NULL,'Hera'),
	(14,44.361207,11.720232,'Via Cogne',NULL,'Imola','BO',NULL,'Hera'),
	(15,44.359848,11.6930156999999,'Via Pola',NULL,'Imola','BO',NULL,NULL),
	(16,44.8053207,11.5848095,'Via Bologna',NULL,'Ferrara','FE',NULL,NULL),
	(17,44.6484037,10.9284772999999,'Piazza Roma',NULL,'Modena','MO',NULL,'Hera'),
	(18,44.6571494,10.9290874000001,'Via Manfredo Fanti',NULL,'Modena','MO',NULL,'Hera'),
	(19,44.6503658,10.9234901,'Parco Novi Sad',NULL,'Modena','MO',NULL,'Hera'),
	(20,44.6482598,10.8616728,'Via Emilia Ovest',NULL,'Modena','MO',NULL,'Hera'),
	(21,44.6515166,10.9415203,'Viale Ciro Medettagliti',NULL,'Modena','MO',NULL,'Hera'),
	(22,44.6349256,10.9309614,'Piazza Alessandro Manzoni',NULL,'Modena','MO',NULL,NULL),
	(23,44.6380183992928,10.9420368687867,'Via Del Pozzo',NULL,'Modena','MO',NULL,NULL),
	(24,44.6305372,10.9505701,'Via Glauco Gottardi',NULL,'Modena','MO',NULL,'Hera'),
	(25,44.6445331,10.9549736,'Viale Dello Sport',NULL,'Modena','MO',NULL,'Hera'),
	(26,44.6583228,10.9164322,'Via Cesare Razzaboni',NULL,'Modena','MO',NULL,'Hera'),
	(27,44.6362495,10.9393095,'Viale Marzabotto',NULL,'Modena','MO',NULL,'Hera'),
	(28,44.6362495,10.9393095,'Viale Marzabotto',NULL,'Modena','MO',NULL,'Hera'),
	(29,44.6488317,10.920205,'Viale Berengario Jacopo',NULL,'Modena','MO',NULL,'Hera'),
	(30,44.6538425,10.9310661,'Piazza Dante Alighieri',NULL,'Modena','MO',NULL,NULL),
	(31,45.0539077,9.69528279999997,'Via Camillo Cavour',NULL,'Piacenza','PC',NULL,'Enel'),
	(32,45.0540261,9.69545900000003,'Via Camillo Benso Cavour',NULL,'Piacenza','PC',NULL,'Enel'),
	(33,45.044065,9.70427500000005,'Via C. Calciati',NULL,'Piacenza','PC',NULL,'Enel'),
	(34,44.6974299,10.6363127,'Piazza Del Tricolore 73PX',NULL,'Reggio Emilia','RE',NULL,'Enel'),
	(35,44.6974299,10.6363127,'Piasa Dal Popol Giost',NULL,'Reggio Emilia','RE',NULL,'Enel'),
	(36,44.700365,10.643151,'Piazzale Europa',NULL,'Reggio Emilia','RE',NULL,'Enel'),
	(37,44.6958224,10.637503,'Via Giorgione',NULL,'Reggio Emilia','RE',NULL,'Enel'),
	(38,44.761513,10.674442,'Via Guglielmo Marconi',NULL,'Bagnolo In Piano','RE',NULL,'Enel'),
	(39,44.6919178,10.6350543,'Via Nobili',NULL,'Reggio Emilia','RE',NULL,'Enel'),
	(40,44.7404085,10.6025844000001,'Via Alberto Pansa 119PX',NULL,'Reggio Emilia','RE',NULL,'Enel'),
	(41,44.6973043960399,10.6425724100648,'Via Eritrea',NULL,'Reggio Emilia','RE',NULL,'Enel'),
	(42,44.7008693842591,10.6320767158692,'Viale Nobili',NULL,'Reggio Emilia','RE',NULL,'Enel'),
	(43,44.6998250043043,10.6265352079346,'Piazza Gioberti',NULL,'Reggio Emilia','RE','Enel','Enel'),
	(44,44.6951755,10.637203,'Via San Martino',NULL,'Reggio Emilia','RE','Enel','Enel'),
	(45,44.6981095342531,10.6310569404754,'Via Vittorio Veneto',NULL,'Reggio Emilia','RE','Enel','Enel'),
	(46,44.0707264,12.5764555000001,'Viale Beccadelli',NULL,'Rimini','RN',NULL,'Enel');



INSERT INTO vendita (veicolo, concessionario)
VALUES
  	('BMW i3', 12),
	('Buddy', 17),
	('i-Miev',11),
	('WILL', 14),
	('mia K', 11),
	('i-Miev', 9),
	('Nmg2',3),
	('Carbon Zero', 18),
	('Luciole', 22),
	('ZEV Smiley',50 ),
	('Wheego Whip', 42),
	('RAV4 EV', 38),
	('THINK City', 33),
	('THINK City', 35),
	('Tazzari Zero', 22);

INSERT INTO possesso (utente, veicolo)
VALUES
	('donato', 'Chevrolet Volt'),
	('orgest', 'Twizy Z.E'),
	('andrea', 'A1 Sportback'),
	('giulio','Invita 2-Seater'),
	('paolo', 'Mini-E'),
	('andré','BMW i8'),
	('gianfranco','e6 EV'),
	('marco', 'Citroen C-Zero'),
	('sebastiano','E-MEGA'),
	('daniel','i-Miev');

INSERT INTO recensione (veicolo, utente, data, likes, dislikes, voto, testo, posseduto)
VALUES
	('BMW i3', 'orgest', '12/01/2013', 1, 0, 8, 'Questa e solo una prova', false),
	('E-MEGA', 'marco', '04/01/2013', 1, 0 , 6, 'Questa macchina e fantastica', false),
	('Loremo EV', 'donato', '12/12/2012', 0 , 0 , 9, 'Ho comprato la macchina elettrica', true),
	('Mercedes Benz SLS eDrive EV', 'donato', '24/12/2012',1, 0, 7, 'La voglio anche io', false),
	('Buddy', 'marco', '05/01/2013', 0, 1, 2, 'Non la voglio', false);

INSERT INTO segnalazione (colonnina, utente, data, utile, inutile, tipo, descrizione)
VALUES
  (5, 'donato', '13/01/2013', 1, 0, 'positivo', 'installate nuove prese con tecnologia di ricarica rapida'),
  (8, 'marco','15/01/2013', 0, 0, 'negativo', 'non legge la carta di credito'),
  (13, 'orgest', '15/01/2013', 1, 0, 'negativo', 'problema alla presa 5, non carica'),
  (22, 'paolo', '11/01/2013', 0, 0, 'positivo', 'sottocosto'),
  (11, 'sebastiano', '05/01/2013', 1, 0, 'positivo', 'niente coda'),
  (22, 'gianfranco', '01/01/2013', 0, 1, 'negativo', 'trovato chiuso per ferie');

